{
   "IntrinsicParameters": [[243.459178, 0, 324.849483],[0, 249.372880, 256.113608],[0, 0, 1]],
   "Distortion": [-0.260662, 0.053044, -0.000894, 0.002469, -0.003891],
   "Coordinate": [[600],[400],[1800]],
   "Jpg_input": "1.jpg"
}